aaron,$2a$10$mLeJGqMb8FkpwEdQ3.2jye28O6d3IbHscOoi66Jha7Rm8Zqp3eMwO
coriene,$2a$10$C5t28VLH3njNPIO67XeRPexCP97g7vOgRwNDbtMCaZ.L/RquUyxC6
avery,$2a$10$YVU1GLcbKBkmME1K1Pe6M.HQku.XpDggxmTan/23ZSNOBaqwcUZcO
christian,$2a$10$FY0PJQIMiHMhhpe8OjyTZuuSC5hCCexC58sutVcPMUI1ksfB3Zc.W
emily,$2a$10$U1JDDTboICREAzp.dRvHLOl.m8Rbjc4rZlWkbE/kFfjk9/GwVy4GS
victoria,$2a$10$Q1vtfdMk/aEdSxZcY8kKE.wjn1i3i/E.htW8S85aFiYKZldqMjk/e
aaron,$2a$10$gZFlyTzjjVLyw7iIvlpVJOLyjQ8kmSNzE6o3wnnU1aexOxv77MBrq
coriene,$2a$10$hWBMl0yFgDT17HHSp.yvKe7QMOsD56yF8pdFw/RjkN1pQm8JJLPoS
avery,$2a$10$.djS12sO9ec72rvt.qYuL.kpYWNtR8R0NmNDrOpkwgKrW2fdjz.rO
christian,$2a$10$i/JvZX6yoxxnAGkR/owP3ORKTMwsZn4uOLei4uAWFBND6/NRh4BVe
emily,$2a$10$gswIp.bqsk7H6LrAwwpyFOqJ.TKvjH/Cmfk.b4UWsZIv20DG7XoQa
victoria,$2a$10$hZ2e42xq5XFThjpTlyqyIOWAKw.vFmhDlD6uu9pGU0wC6SFHilUcy
aaron,$2a$10$g1YkyTqriOuP4d8O8Z8dT.qGB0TbS8UlfNrVtvugUeqrNfNsV4.K6
coriene,$2a$10$tOArD5RHd2lLIFwl1T./5e3IxKBNMyvMF5YvGHOPNX2a99BxfyTIa
avery,$2a$10$rRgDepiMiyr/1TmeQOV2Q.Db2F4usLUODfL3rgYkWUxty44pYVr8a
christian,$2a$10$FYNCs55.0FfmQ36.twtVnO9FUKwpZQPueoKEAV/kUaqcvVs8XVFmq
emily,$2a$10$RqDAlQBhvt41VLZkvErXBe6qCrmix0BwNCNW9i.EQnwZMmsTk9Bt.
victoria,$2a$10$l6eCJB2gl2Er9z5Urzb3du10VKZbxQwNMqj21fSwCOg5z0V5vOY5q
